result	resource	use
variants	Ensembl VEP	consequence and transcript effect (labhq_annot vep tool)
variants	gnomAD	population allele frequency (labhq_annot gnomad tool)
variants	ClinVar	clinical significance (labhq_annot clinvar tool)
variants	dbSNP	rsID and known variant identity
variants	AlphaGenome	predicted regulatory effect of non-coding variants (labhq_annot alphagenome tool when its key is set)
variants	COSMIC	somatic mutation recurrence in cancer
genes	Open Targets	target-disease association evidence
genes	DisGeNET	gene-disease associations
genes	GTEx	tissue expression and eQTL (labhq_annot gtex tool)
genes	Human Protein Atlas	tissue and cell-type protein expression
genes	MSigDB	gene sets for enrichment
genes	Reactome	pathway membership
genes	STRING	protein interaction partners
regions	ChIP-Atlas	public ChIP/ATAC peaks and enrichment at regions or genes (labhq_annot chipatlas and chipatlas_targets tools)
regions	ENCODE	candidate cis-regulatory elements (labhq_annot encode tool)
regions	JASPAR	transcription factor motifs
proteins	UniProt	protein function and features
proteins	AlphaFold DB	predicted structure
compounds	ChEMBL	bioactivity and mechanism
literature	PubMed	published evidence
literature	bioRxiv	recent preprints
