key	definition	status	kind	n_sources	source_kinds	example_ids	edam	note
bulk_rna_seq	Bulk RNA sequencing for gene or transcript quantification and comparison.	existing	standard	13	paper_review,textbook,workflow_catalog,forum,blog,conference	PMID:26813401,ISBN:9781108705295,ISBN:9781118581780	topic_3170	Current key.
single_cell_rna_seq	Single-cell or single-nucleus RNA sequencing for cell-state analysis.	existing	both	30	paper_review,paper_method,textbook,tutorial,workflow_catalog,forum,blog,newsletter,conference,other_web	DOI:10.1038/s41587-024-02475-x,DOI:10.1038/s41592-023-01791-5,DOI:10.1038/s41592-023-02144-y	topic_4028	Current key.
spatial_transcriptomics	Spatially resolved transcript measurement and tissue-context analysis.	existing	both	24	paper_review,paper_method,textbook,tutorial,workflow_catalog,blog,conference,other_web	DOI:10.1038/s41592-024-02565-3,DOI:10.1038/s41592-025-02814-z,DOI:10.1038/s41592-025-02997-5		Current key.
atac_seq	Bulk ATAC-seq chromatin-accessibility profiling and peak analysis.	existing	standard	15	paper_review,paper_method,workflow_catalog,blog,newsletter,conference	DOI:10.1038/s41587-024-02475-x,DOI:10.1038/s41592-023-02144-y,PMID:31776829	topic_4053	Current key.
chip_seq	ChIP-seq mapping of protein-DNA binding or histone marks.	existing	standard	6	paper_review,workflow_catalog	PMID:22955991,PMID:31776829,PMID:37121019	topic_3169	Current key.
cut_and_run	CUT&RUN profiling of chromatin-bound proteins and histone marks.	existing	both	7	paper_review,paper_method,workflow_catalog	PMID:30688406,PMID:31776829,PMID:37121019		Current key.
dna_methylation	Genome-wide or targeted DNA methylation calling and comparison.	existing	standard	11	paper_review,tutorial,workflow_catalog,blog,conference	PMID:31831061,PMID:38689099,https://bioconductor.org/packages/release/BiocViews.html		Current key.
germline_wgs_wes	Germline variant analysis and interpretation from WGS or WES.	existing	standard	10	paper_review,paper_method,textbook,workflow_catalog,other_web	PMID:28475856,PMID:31406327,PMID:33106175		Current key.
somatic_wgs_wes	Somatic variant analysis from tumor or other WGS/WES data.	existing	standard	11	paper_review,paper_method,workflow_catalog,blog,conference,other_web	PMID:26647970,PMID:32510555,PMID:33106175		Current key.
rare_disease_genomics	Genomic diagnosis and variant prioritization for rare inherited disease.	existing	standard	3	paper_review,workflow_catalog,forum	PMID:28475856,https://bioinformatics.stackexchange.com/questions/tagged/gwas,https://nf-co.re/special-interest-groups	topic_3325	Current key.
ont_long_read	Oxford Nanopore long-read sequence processing and analysis.	existing	both	15	paper_review,paper_method,workflow_catalog,forum,other_web	PMID:27887629,PMID:30936562,PMID:31747936		Current key.
pacbio_long_read	PacBio long-read and HiFi sequence processing and analysis.	existing	both	7	paper_review,paper_method,blog	PMID:31406327,PMID:32033565,PMID:32504078		Current key.
long_read_transcriptomics	Long-read RNA sequencing for full-length isoforms and transcript structure.	existing	trendy	6	paper_review,paper_method,workflow_catalog,blog	PMID:39567235,PMID:40082608,PMID:40155769		Current key.
metagenome_assembly	Assembly of contigs or genomes from mixed-community shotgun reads.	existing	standard	16	paper_review,tutorial,workflow_catalog,forum,blog	PMID:28898207,PMID:31848574,PMID:38689099	topic_3174	Current key.
metagenomic_taxonomy	Taxonomic classification and abundance profiling from metagenomic data.	existing	standard	20	paper_review,paper_method,tutorial,workflow_catalog,forum,blog,conference	PMID:28898207,PMID:28928718,PMID:31398336		Current key.
amplicon_sequencing	Marker-gene or targeted amplicon sequencing and community analysis.	existing	standard	13	paper_review,tutorial,workflow_catalog,forum,blog	PMID:28928718,PMID:31848574,PMID:33363701		Current key.
viral_genomics	Viral assembly, variation, phylogeny, and genomic surveillance.	existing	standard	7	paper_review,textbook,workflow_catalog	PMID:32001386,PMID:38689099,ISBN:9781118581780	topic_0781	Current key.
bacterial_genome_assembly	Assembly and finishing of bacterial genomes.	existing	standard	4	paper_method,textbook,workflow_catalog	PMID:30936562,ISBN:9781118581780,https://snakemake.github.io/snakemake-workflow-catalog/docs/all_standardized_workflows.html		Current key.
alternative_splicing	Detection and quantification of isoforms and splice events.	existing	standard	10	paper_review,paper_method,workflow_catalog,blog,conference	PMID:26813401,PMID:33425250,PMID:39567235	topic_3320	Current key.
microarray_expression	Probe-level preprocessing and statistical analysis of expression microarrays.	existing	standard	3	paper_review,textbook,workflow_catalog	PMID:16554544,ISBN:9781118581780,https://bioconductor.org/packages/release/BiocViews.html		Current key.
proteomics	Mass-spectrometry protein identification, quantification, and comparison.	new	standard	14	paper_review,textbook,tutorial,workflow_catalog,forum,conference,other_web	PMID:35227377,PMID:38182042,ISBN:9781118581780		Distinct requested analysis job.
de_novo_genome_assembly	Reference-free assembly and polishing of non-bacterial genomes.	new	standard	11	paper_review,paper_method,workflow_catalog,blog,newsletter,conference	PMID:30936562,PMID:31406327,PMID:32033565		Canonical count includes genome_assembly, eukaryotic_genome_assembly.
single_cell_proteomics	Protein identification and quantification at single-cell resolution.	new	trendy	10	paper_review,paper_method,workflow_catalog	DOI:10.1038/s41592-023-01791-5,DOI:10.1038/s41592-023-02144-y,DOI:10.1038/s41592-024-02565-3		Distinct requested analysis job.
gwas	Genome-wide association testing and downstream locus interpretation.	new	standard	9	paper_review,workflow_catalog,forum,conference	PMID:28686856,https://bioconductor.org/packages/release/BiocViews.html,https://bioinformatics.stackexchange.com/questions/tagged/gwas		Distinct requested analysis job.
multi_omics_integration	Joint statistical analysis of distinct omics layers or assays.	new	both	9	paper_review,tutorial,conference	https://2025.hupo.org/wp-content/uploads/2025/11/HUPO-2025-PAAG-11102025.pdf,https://galaxyproject.org/bare/eu/usegalaxy/metagenomics/,https://link.springer.com/article/10.1186/s13045-024-01596-9		Canonical count includes multiomics_integration.
proteomics_dia	Data-independent-acquisition proteomics processing and quantification.	new	both	8	paper_review,workflow_catalog,conference	DOI:10.1016/j.mcpro.2024.100800,DOI:10.1038/s41592-023-01791-5,PMID:38182042		Distinct requested analysis job.
structural_variant_calling	Detection and genotyping of large insertions, deletions, and rearrangements.	new	both	8	paper_review,paper_method,workflow_catalog,blog,other_web	PMID:31406327,PMID:31747936,PMID:32504078		Canonical count includes structural_variant_analysis.
metabolomics	Small-molecule measurement processing and comparative metabolite analysis.	new	standard	7	paper_review,tutorial,workflow_catalog,conference	PMID:28823764,PMID:29536203,https://bioconductor.org/packages/release/BiocViews.html		Distinct requested analysis job.
spatial_proteomics	Spatially resolved protein measurement and tissue proteome analysis.	new	trendy	7	paper_review,conference	DOI:10.1038/s41592-024-02565-3,DOI:10.1038/s41592-026-03046-5,DOI:10.1146/annurev-biodatasci-102523-103640		Distinct requested analysis job.
pangenomics	Multi-genome or graph-reference construction, genotyping, and comparison.	new	trendy	6	paper_review,paper_method,forum,conference	DOI:10.1038/s41588-024-02029-6,PMID:36448683,PMID:37143156		Canonical count includes pangenome_analysis, pangenome_genomics, pangenome_graphs.
spatial_multiomics	Joint spatial analysis of two or more molecular modalities.	new	trendy	6	paper_review	DOI:10.1038/s41592-024-02565-3,DOI:10.1038/s41592-026-03046-5,DOI:10.1146/annurev-biodatasci-102523-103640		Distinct requested analysis job.
hi_c	Chromosome-conformation contact, loop, compartment, and domain analysis.	new	standard	5	paper_review,workflow_catalog,other_web	PMID:30570701,https://bioconductor.org/packages/release/BiocViews.html,https://github.com/hms-dbmi/4DN_dcic-website/blob/master/data%20standards.md		Canonical count includes hic.
perturb_seq	Pooled perturbation screens with single-cell molecular readouts.	new	trendy	5	paper_review,paper_method,workflow_catalog	DOI:10.1038/s41587-024-02475-x,DOI:10.1038/s41592-023-02144-y,DOI:10.1038/s41592-025-02997-5		Canonical count includes perturbation_response_prediction.
single_cell_multiome	Joint single-cell analysis of RNA, chromatin, protein, or other modalities.	new	trendy	5	paper_review,paper_method,forum,blog	DOI:10.1038/s41587-024-02475-x,DOI:10.1146/annurev-biodatasci-102523-103640,https://bioinformatics.stackexchange.com/questions/tagged/single-cell		Canonical count includes single_cell_multiomics.
genome_annotation	Gene and feature annotation of assembled genomes.	new	standard	4	paper_review,paper_method,textbook,workflow_catalog	PMID:22510764,PMID:35357919,ISBN:9781118581780		Distinct requested analysis job.
metagenomic_functional_profiling	Gene, pathway, and functional profiling from metagenomic data.	new	standard	4	paper_review	PMID:28898207,PMID:31608125,PMID:31848574		Distinct requested analysis job.
metatranscriptomics	RNA sequencing of microbial communities for activity and function.	new	both	4	paper_review,tutorial,workflow_catalog	PMID:31608125,PMID:38765606,https://galaxyproject.org/bare/eu/usegalaxy/metagenomics/		Distinct requested analysis job.
spatial_metabolomics	Spatially resolved metabolite measurement and analysis.	new	trendy	4	paper_review,conference	https://link.springer.com/article/10.1186/s13045-024-01596-9,https://www.asbmb.org/meetings-events/proteomics-2025,https://www.bioinformatics.polimi.it/CIBB2025/index.html		Distinct requested analysis job.
immune_repertoire_sequencing	BCR, TCR, or adaptive immune-receptor repertoire analysis.	new	both	3	paper_review,workflow_catalog	PMID:29484527,https://nf-co.re/airrflow/latest/docs/usage/,https://nf-co.re/special-interest-groups		Distinct requested analysis job.
metagenome_binning	Grouping metagenomic contigs into metagenome-assembled genomes.	new	standard	3	workflow_catalog	https://nf-co.re/mag/latest,https://snakemake.github.io/snakemake-workflow-catalog/docs/all_standardized_workflows.html,https://training.galaxyproject.org/training-material/topics/microbiome/		Distinct requested analysis job.
metaproteomics	Protein identification and quantification in microbial communities.	new	both	3	tutorial,workflow_catalog	https://galaxyproject.org/bare/eu/usegalaxy/metagenomics/,https://nf-co.re/special-interest-groups,https://training.galaxyproject.org/training-material/topics/proteomics/		Distinct requested analysis job.
microscopy_image_analysis	Segmentation, feature extraction, and quantification from microscopy images.	new	standard	2	workflow_catalog	https://nf-co.re/spatialvi/latest/parameters,https://training.galaxyproject.org/training-material/topics/imaging/,https://training.galaxyproject.org/training-material/topics/proteomics/		Distinct requested analysis job.
phylogenetics	Sequence-based tree inference, placement, and comparative evolution analysis.	new	standard	3	workflow_catalog	https://nf-co.re/ampliseq/releases_stats.html,https://snakemake.github.io/snakemake-workflow-catalog/docs/all_standardized_workflows.html,https://training.galaxyproject.org/training-material/topics/microbiome/		Distinct requested analysis job.
spatial_epigenomics	Spatial profiling and analysis of epigenetic features.	new	trendy	3	paper_review	https://link.springer.com/article/10.1186/s13045-024-01596-9,https://www.nature.com/articles/s41581-024-00841-1,https://www.nature.com/articles/s41586-025-08710-y		Distinct requested analysis job.
copy_number_analysis	Copy-number and aneuploidy estimation from arrays or sequencing.	new	standard	2	workflow_catalog	https://bioconductor.org/packages/release/BiocViews.html,https://snakemake.github.io/snakemake-workflow-catalog/docs/all_standardized_workflows.html		Distinct requested analysis job.
protein_structure_analysis	Computational analysis of protein sequence, structure, and function.	new	standard	2	forum,conference	https://bioinformatics.stackexchange.com/,https://recomb.org/recomb2025/program.html		Canonical count includes protein_structure.
proteomics_dda	Data-dependent-acquisition proteomics identification and quantification.	new	standard	2	workflow_catalog	https://nf-co.re/diaproteomics/1.2.4/parameters,https://training.galaxyproject.org/training-material/topics/proteomics/		Distinct requested analysis job.
ribosome_profiling	Translation analysis from ribosome-protected footprint sequencing.	new	standard	2	workflow_catalog	https://bioconductor.org/packages/release/BiocViews.html,https://snakemake.github.io/snakemake-workflow-catalog/docs/all_standardized_workflows.html		Distinct requested analysis job.
single_cell_atac_seq	Single-cell chromatin-accessibility profiling and analysis.	new	both	2	workflow_catalog,forum	https://bioinformatics.stackexchange.com/questions/tagged/single-cell,https://training.galaxyproject.org/training-material/topics/single-cell/		Distinct requested analysis job.
crispr_screening	Guide-level processing and hit analysis for pooled CRISPR screens.	new	standard	1	workflow_catalog	https://bioconductor.org/packages/release/BiocViews.html		Distinct requested analysis job.
eqtl_mapping	Association of genetic variants with expression or splicing phenotypes.	new	standard	1	paper_review	PMID:26813401		Distinct requested analysis job.
gene_regulatory_networks	Inference and modeling of regulatory interactions from omics data.	new	both	1	conference	https://recomb.org/recomb-ccb2025/program.html		Distinct requested analysis job.
hla_typing	HLA allele and genotype inference from sequencing data.	new	standard	1	workflow_catalog	https://nf-co.re/special-interest-groups		Distinct requested analysis job.
long_read_single_cell_rna_seq	Single-cell long-read RNA sequencing with isoform resolution.	new	trendy	1	paper_review	PMID:39567235		Distinct requested analysis job.
phosphoproteomics	Enrichment, identification, and quantification of phosphorylation sites.	new	standard	1	paper_review	PMID:35227377		Distinct requested analysis job.
rna_fusion_detection	Detection and interpretation of expressed gene fusions from RNA sequencing.	new	standard	1	workflow_catalog	https://nf-co.re/special-interest-groups		Distinct requested analysis job.
single_cell_epigenomics	Single-cell profiling beyond RNA of methylation or chromatin states.	new	trendy	1	paper_method	DOI:10.1038/s41592-023-02144-y		Distinct requested analysis job.
small_rna_seq	Small-RNA or miRNA sequencing quantification and differential analysis.	new	standard	1	workflow_catalog	https://snakemake.github.io/snakemake-workflow-catalog/docs/all_standardized_workflows.html		Distinct requested analysis job.
eukaryotic_genome_assembly	Reference-free assembly and polishing of non-bacterial genomes.	merge_into:de_novo_genome_assembly	standard	1	workflow_catalog	https://snakemake.github.io/snakemake-workflow-catalog/docs/all_standardized_workflows.html		Synonym or sublabel of de_novo_genome_assembly.
genome_assembly	Reference-free assembly and polishing of non-bacterial genomes.	merge_into:de_novo_genome_assembly	standard	5	blog,newsletter,conference	https://galaxyproject.org/news/2024-03-galaxy-newsletter-march2024/,https://pangenome.github.io/MemPanG25/,https://www.incodom.kr/Assembly		Synonym or sublabel of de_novo_genome_assembly.
hic	Chromosome-conformation contact, loop, compartment, and domain analysis.	merge_into:hi_c	standard	4	workflow_catalog,other_web	https://bioconductor.org/packages/release/BiocViews.html,https://github.com/hms-dbmi/4DN_dcic-website/blob/master/data%20standards.md,https://snakemake.github.io/snakemake-workflow-catalog/docs/all_standardized_workflows.html		Synonym or sublabel of hi_c.
multiomics_integration	Joint statistical analysis of distinct omics layers or assays.	merge_into:multi_omics_integration	both	7	tutorial,conference	https://2025.hupo.org/wp-content/uploads/2025/11/HUPO-2025-PAAG-11102025.pdf,https://galaxyproject.org/bare/eu/usegalaxy/metagenomics/,https://recomb.org/recomb-ccb2025/program.html		Synonym or sublabel of multi_omics_integration.
pangenome_analysis	Multi-genome or graph-reference construction, genotyping, and comparison.	merge_into:pangenomics	trendy	1	forum	https://bioinformatics.stackexchange.com/		Synonym or sublabel of pangenomics.
pangenome_genomics	Multi-genome or graph-reference construction, genotyping, and comparison.	merge_into:pangenomics	trendy	2	conference	https://pangenome.github.io/MemPanG25/,https://www.bioinformatics.polimi.it/CIBB2025/index.html		Synonym or sublabel of pangenomics.
pangenome_graphs	Multi-genome or graph-reference construction, genotyping, and comparison.	merge_into:pangenomics	trendy	1	paper_review	DOI:10.1038/s41588-024-02029-6		Synonym or sublabel of pangenomics.
perturbation_response_prediction	Pooled perturbation screens with single-cell molecular readouts.	merge_into:perturb_seq	trendy	2	paper_review,paper_method	DOI:10.1038/s41592-025-02997-5,https://www.nature.com/articles/s41592-025-02980-0		Synonym or sublabel of perturb_seq.
protein_structure	Computational analysis of protein sequence, structure, and function.	merge_into:protein_structure_analysis	standard	1	conference	https://recomb.org/recomb2025/program.html		Synonym or sublabel of protein_structure_analysis.
single_cell_multiomics	Joint single-cell analysis of RNA, chromatin, protein, or other modalities.	merge_into:single_cell_multiome	trendy	1	blog	https://galaxyproject.org/news/2023-12-23-galaxy-sc-2023-in-review/		Synonym or sublabel of single_cell_multiome.
structural_variant_analysis	Detection and genotyping of large insertions, deletions, and rearrangements.	merge_into:structural_variant_calling	both	1	blog	https://www.pacb.com/blog/sequencing-101-software-and-bioinformatics-powering-long-read-sequencing/		Synonym or sublabel of structural_variant_calling.
foundation_model_embeddings	Reusable embeddings from pretrained omics models.	rejected:tool	trendy	5	paper_review,paper_method,other_web	DOI:10.1038/s41592-025-02814-z,DOI:10.1038/s41592-025-02997-5,https://github.com/theislab/nicheformer		A modeling approach, not an assay or job domain.
long_read_sequencing	Platform-agnostic long-read sequencing analysis.	rejected:too_broad	both	2	blog,conference	https://recomb.org/recomb2025/program.html,https://seqera.io/blog/whats-new-at-seqera-ai-gxp-data-connections/		Use ont_long_read, pacbio_long_read, or a data-specific topic.
pathway_enrichment	Pathway or gene-set enrichment analysis.	rejected:too_narrow	standard	1	blog	https://www.incodom.kr/MapMan		A cross-cutting downstream step, not a job domain.
wgs_quality_control	Quality control and benchmarking for WGS data.	rejected:too_narrow	standard	1	other_web	https://ga4gh.github.io/quality-control-wgs/decision_record/		QC belongs inside germline or somatic WGS/WES checklists.
