kind	title	year	id	topics	note	found_by	checked_2026_10_06
blog	Comprehensive Guide to ATAC-seq Data Analysis - BIOINFORMATICAMENTE	2025	https://bioinformaticamente.com/2025/01/01/comprehensive-guide-to-atac-seq-data-analysis/	atac_seq	End-to-end ATAC-seq analysis guide.	survey-3	ok
blog	Galaxy Single-cell Community: Year in Review	2023	https://galaxyproject.org/news/2023-12-23-galaxy-sc-2023-in-review/	atac_seq,bulk_rna_seq,single_cell_multiomics,single_cell_rna_seq,spatial_transcriptomics	Single-cell community expands from scRNA-seq to scATAC-seq, CITE-seq and spatial collaboration.	survey-3	ok
blog	mbd-seq - 인코덤	2019	https://incodom.kr/mbd-seq	dna_methylation	MBD-seq and methylation sequencing analysis.	survey-3	ok
blog	nf-core - 인코덤	2024	https://incodom.kr/nf-core?rev=2	bulk_rna_seq	Community RNA-seq workflow with QC, alignment and quantification.	survey-3	ok
blog	Visium Spatial Gene Expression - 인코덤	2022	https://incodom.kr/Visium_Spatial_Gene_Expression	spatial_transcriptomics	Visium spatial transcriptomics experiment and Seurat/Loupe analysis.	survey-3	ok
blog	What’s New at Seqera: GxP-Aligned Bioinformatics, Expanded Data Connections, AI Integrations, and More	2025	https://seqera.io/blog/whats-new-at-seqera-ai-gxp-data-connections/	long_read_sequencing,metagenome_assembly,single_cell_rna_seq,spatial_transcriptomics	Community platform page explicitly names single-cell, spatial omics, long-read and metagenomics data.	survey-3	ok
blog	Assembly - 인코덤	2016	https://www.incodom.kr/Assembly	genome_assembly	Reference and de novo assembly workflows.	survey-3	ok
blog	DNA methylation 분석 - 인코덤	2018	https://www.incodom.kr/DNA_methylation_%EB%B6%84%EC%84%9D	dna_methylation	DNA methylation biology and cancer-focused interpretation.	survey-3	ok
blog	MapMan - 인코덤	2015	https://www.incodom.kr/MapMan	bulk_rna_seq,pathway_enrichment	RNA-seq expression input and pathway-level interpretation.	survey-3	ok
blog	Metagenome - 인코덤	2021	https://www.incodom.kr/Metagenome	amplicon_sequencing,metagenome_assembly,metagenomic_taxonomy	Shotgun and 16S workflows, assembly, profiling and metabarcoding.	survey-3	ok
blog	Metagenomics - 인코덤	2022	https://www.incodom.kr/Metagenomics	amplicon_sequencing,metagenome_assembly,metagenomic_taxonomy	16S/ITS workflow, taxonomic classification, clustering and diversity.	survey-3	ok
blog	Shotgun sequencing - 인코덤	2020	https://www.incodom.kr/Shotgun_sequencing	metagenome_assembly,metagenomic_taxonomy	Shotgun QC, assembly, binning, taxonomy and functional analysis.	survey-3	ok
blog	Sequencing 101: Software and bioinformatics powering long-read sequencing - PacBio	2025	https://www.pacb.com/blog/sequencing-101-software-and-bioinformatics-powering-long-read-sequencing/	alternative_splicing,dna_methylation,genome_assembly,long_read_transcriptomics,metagenome_assembly,pacbio_long_read,somatic_wgs_wes,structural_variant_analysis	PacBio long-read workflow from QC through assembly, variants, methylation, isoforms and microbial analysis.	survey-3	ok
conference	HUPO 2025 At a Glance	2025	https://2025.hupo.org/wp-content/uploads/2025/11/HUPO-2025-PAAG-11102025.pdf	multiomics_integration,proteomics,proteomics_dia	Program lists DIA analysis training, multi-omics/systems biology, proteogenomics and microbiomes.	survey-3	ok
conference	MemPanG25 computational pangenomics course/conference	2025	https://pangenome.github.io/MemPanG25/	genome_assembly,pangenome_genomics	Dedicated pangenome course, conference and biohackathon with assembly, graph and genotyping sessions.	survey-3	ok
conference	RECOMB-CCB 2025 Program	2025	https://recomb.org/recomb-ccb2025/program.html	atac_seq,bulk_rna_seq,gene_regulatory_networks,multiomics_integration,single_cell_rna_seq,somatic_wgs_wes	Cancer program includes scATAC-seq, gene regulatory networks, multi-omics and tumor evolution.	survey-3	ok
conference	RECOMB 2025 Program	2025	https://recomb.org/recomb2025/program.html	dna_methylation,gwas,long_read_sequencing,protein_structure,single_cell_rna_seq,somatic_wgs_wes,spatial_transcriptomics	Named sessions include single-cell, spatial omics, genomic variation/privacy, cancer evolution and protein/small molecules.	survey-3	ok
conference	The 15th international symposium on proteomics in the life sciences	2025	https://www.asbmb.org/meetings-events/proteomics-2025	multiomics_integration,proteomics,proteomics_dia,spatial_metabolomics,spatial_proteomics	Dedicated proteomics meeting with DIA, spatial proteomics/metabolomics and multi-omics sessions.	survey-3	ok
conference	CIBB 2025	2025	https://www.bioinformatics.polimi.it/CIBB2025/index.html	alternative_splicing,gwas,metabolomics,multiomics_integration,pangenome_genomics,spatial_metabolomics,spatial_proteomics,spatial_transcriptomics	Special sessions cover multi-omics, spatial omics, complex-trait genetics and pangenomics.	survey-3	ok
conference	ISMB/ECCB 2025 Proceedings topics	2025	https://www.iscb.org/ismbeccb2025/call-for-submissions/proceedings	genome_assembly,gwas,metabolomics,metagenomic_taxonomy,proteomics,single_cell_rna_seq,spatial_transcriptomics	Own areas/COSIs cover microbes, genome sequence analysis, regulatory genomics, variation, proteomics and metabolomics.	survey-3	ok
conference	KSBi conference listing: BIOINFO 2025	2025	https://www.ksbi.or.kr/en/conference/default.asp		Event listing confirms the Korean meeting; topic program was not exposed on the opened page.	survey-3	ok
conference	BOSC 2025 Schedule	2025	https://www.open-bio.org/events/bosc-2025/bosc-2025-schedule/		Accessible page exposes open-source/data-sustainability programming, not a domain-specific omics track.	survey-3	ok
forum	Bioinformatics Stack Exchange home	UNVERIFIED	https://bioinformatics.stackexchange.com/	bulk_rna_seq,ont_long_read,pangenome_analysis,protein_structure_analysis	Active question stream visibly includes pangenome, ONT, protein-structure, and RNA-seq topics	survey-2	ok
forum	Bioinformatics Stack Exchange: GWAS tag	UNVERIFIED	https://bioinformatics.stackexchange.com/questions/tagged/gwas	gwas,rare_disease_genomics	89 questions shown; includes rare-variant association and population-panel questions	survey-2	blocked
forum	Bioinformatics Stack Exchange: single-cell tag	UNVERIFIED	https://bioinformatics.stackexchange.com/questions/tagged/single-cell	single_cell_atac_seq,single_cell_multiome,single_cell_rna_seq	163 questions shown; includes scATAC and 10x multiome questions	survey-2	blocked
forum	Taxonomic sequence classification for shotgun metagenomics, compatible with downstream statistical analyses	UNVERIFIED	https://www.biostars.org/p/404697/	amplicon_sequencing,metagenome_assembly,metagenomic_taxonomy	Forum discussion contrasts shotgun classification, 16S workflows and assembly-based functional analysis.	survey-3	blocked
forum	What value should I choose for the downstream analysis in proteomics?	UNVERIFIED	https://www.biostars.org/p/9548820/	proteomics	Forum discussion on quantitative proteomics inputs and downstream analysis.	survey-3	blocked
forum	Single Cell RNA-seq analysis one by one vs all together	UNVERIFIED	https://www.biostars.org/p/9584759/	single_cell_rna_seq	Forum question on preprocessing, integration and clustering across samples.	survey-3	blocked
newsletter	Galaxy Newsletter: March 2024	2024	https://galaxyproject.org/news/2024-03-galaxy-newsletter-march2024/	atac_seq,genome_assembly,single_cell_rna_seq	Single-cell SIG and reference-genome assembly success story.	survey-3	ok
other_web	GA4GH WGS Quality Control standards decision record	UNVERIFIED	https://ga4gh.github.io/quality-control-wgs/decision_record/	germline_wgs_wes,ont_long_read,somatic_wgs_wes,structural_variant_calling,wgs_quality_control	WGS QC roadmap covers short/long-read and somatic tracks; standards page, not a workflow catalog	survey-2	ok
other_web	4DN DCIC data standards: Hi-C	UNVERIFIED	https://github.com/hms-dbmi/4DN_dcic-website/blob/master/data%20standards.md	hic	4DN page describes Hi-C contact matrices, Juicer, and Cooler formats	survey-2	ok
other_web	Nicheformer official repository	2024	https://github.com/theislab/nicheformer	foundation_model_embeddings,single_cell_rna_seq,spatial_transcriptomics	Opened repository provides code, data-loading templates and citation for the spatial single-cell foundation model.	survey-4	ok
other_web	AGBT - Advances in Genome Biology and Technology	2025	https://www.agbt.org/	proteomics,single_cell_rna_seq,spatial_transcriptomics	Official meeting overview explicitly names next-generation sequencing, spatial biology, single-cell analysis and proteomics.	survey-3	ok
paper_method	Pooled CRISPR screens with joint single-nucleus chromatin accessibility and transcriptome profiling	2024	DOI:10.1038/s41587-024-02475-x	atac_seq,perturb_seq,single_cell_multiome,single_cell_rna_seq	MultiPerturb-seq jointly captures perturbations, transcriptome and chromatin accessibility.	survey-4	ok
paper_method	scPerturb: harmonized single-cell perturbation data	2024	DOI:10.1038/s41592-023-02144-y	atac_seq,perturb_seq,single_cell_epigenomics,single_cell_proteomics,single_cell_rna_seq	Resource harmonizes 44 single-cell perturbation datasets with transcriptomic, protein and epigenomic readouts.	survey-4	ok
paper_method	Nicheformer: a foundation model for single-cell and spatial omics	2025	DOI:10.1038/s41592-025-02814-z	foundation_model_embeddings,single_cell_rna_seq,spatial_transcriptomics	Transformer model learns representations across dissociated single-cell and spatial transcriptomics.	survey-4	ok
paper_method	Systematic comparison of sequencing-based spatial transcriptomic methods	2024	https://www.nature.com/articles/s41592-024-02325-3	spatial_transcriptomics	Comparison paper evaluates sequencing-based spatial transcriptomic methods and their trade-offs.	survey-4	ok
paper_method	Benchmarking algorithms for generalizable single-cell perturbation response prediction	2025	https://www.nature.com/articles/s41592-025-02980-0	perturb_seq,perturbation_response_prediction	Benchmark evaluates 27 methods across 29 datasets for cross-context single-cell perturbation prediction.	survey-4	ok
paper_method	A comprehensive assessment of somatic mutation detection in cancer using whole-genome sequencing	2015	PMID:26647970	somatic_wgs_wes	Benchmarking paper on tumor-normal whole-genome somatic mutation calling and validation.	survey-1	ok
paper_method	High-Resolution Chromatin Profiling Using CUT&RUN	2019	PMID:30688406	cut_and_run	Protocol and analysis paper for CUT&RUN library generation and downstream data analysis.	survey-1	ok
paper_method	Assembly of long, error-prone reads using repeat graphs	2019	PMID:30936562	bacterial_genome_assembly,de_novo_genome_assembly,ont_long_read	Flye method paper for long-read assembly and repeat-graph construction.	survey-1	ok
paper_method	Benchmarking Metagenomics Tools for Taxonomic Classification	2019	PMID:31398336	metagenomic_taxonomy	Benchmark of metagenomic classifiers with simulated and experimental datasets.	survey-1	ok
paper_method	Accurate circular consensus long-read sequencing improves variant detection and assembly of a human genome	2019	PMID:31406327	de_novo_genome_assembly,germline_wgs_wes,pacbio_long_read,structural_variant_calling	PacBio HiFi method paper linking consensus reads to human assembly and variant detection.	survey-1	ok
paper_method	The complete sequence of a human genome	2022	PMID:35357919	de_novo_genome_assembly,genome_annotation,germline_wgs_wes	T2T method/resource paper demonstrating complete human genome assembly and added sequence annotation.	survey-1	ok
paper_method	Unbiased pangenome graphs	2023	PMID:36448683	pangenomics	Method paper for reference-independent pangenome graph construction.	survey-1	ok
paper_method	Introductory Analysis and Validation of CUT&RUN Sequencing Data	2024	PMID:39760380	cut_and_run	Protocol covers raw-read QC, alignment, enrichment annotation, and validation.	survey-1	ok
paper_method	A systematic benchmark of Nanopore long-read RNA sequencing for transcript-level analysis in human cell lines	2025	PMID:40082608	alternative_splicing,long_read_transcriptomics,ont_long_read,pacbio_long_read	Benchmark compares Nanopore, PacBio and short-read protocols for isoforms, fusions and RNA modifications.	survey-4	ok
paper_review	Data-Independent Acquisition: A Milestone and Prospect in Clinical Mass Spectrometry-Based Proteomics	2024	DOI:10.1016/j.mcpro.2024.100800	proteomics_dia	Review evaluates DIA software, reproducibility, clinical use and emerging acquisition strategies.	survey-4	ok
paper_review	Pangenome graphs and their applications in biodiversity genomics	2025	DOI:10.1038/s41588-024-02029-6	pangenome_graphs	Review covers graph construction, visualization and downstream analysis for multi-genome references.	survey-4	ok
paper_review	Single-cell proteomics enabled by next-generation sequencing or mass spectrometry	2023	DOI:10.1038/s41592-023-01791-5	proteomics_dia,single_cell_proteomics,single_cell_rna_seq	Review covers sequencing-based and mass-spectrometry-based protein measurements at single-cell resolution.	survey-4	ok
paper_review	Method of the Year 2024: spatial proteomics	2024	DOI:10.1038/s41592-024-02565-3	single_cell_proteomics,spatial_multiomics,spatial_proteomics,spatial_transcriptomics	Nature Methods names spatial proteomics its 2024 Method of the Year and discusses atlas-scale multimodal tissue analysis.	survey-4	ok
paper_review	Year in review 2025	2026	DOI:10.1038/s41592-025-02997-5	foundation_model_embeddings,perturbation_response_prediction,single_cell_proteomics,spatial_transcriptomics	Nature Methods editorial highlights 2025 trends including spatial foundation models and deeper single-cell proteomics.	survey-4	ok
paper_review	An update on spatial proteomics	2026	DOI:10.1038/s41592-026-03046-5	single_cell_proteomics,spatial_multiomics,spatial_proteomics	2026 update covers subcellular spatial proteomics, DBiTplus and multimodal integration.	survey-4	ok
paper_review	Spatially Resolved Single-Cell Omics: Methods, Challenges, and Future Perspectives	2024	DOI:10.1146/annurev-biodatasci-102523-103640	single_cell_multiome,spatial_multiomics,spatial_proteomics,spatial_transcriptomics	Review covers sequencing-based spatial assays, imaging-based transcriptomics, spatial proteomics and computational integration.	survey-4	ok
paper_review	Spatial multi-omics: deciphering technological landscape of integration of multi-omics and its applications	2024	https://link.springer.com/article/10.1186/s13045-024-01596-9	multi_omics_integration,spatial_epigenomics,spatial_metabolomics,spatial_multiomics,spatial_proteomics,spatial_transcriptomics	Review maps spatial transcriptomic, proteomic, metabolomic and epigenomic integration.	survey-4	ok
paper_review	Acquisition and Analysis of DIA-Based Proteomic Data: A Comprehensive Survey in 2023	2024	https://pmc.ncbi.nlm.nih.gov/articles/PMC10847697/	proteomics_dia,single_cell_proteomics	Review surveys DIA acquisition, software, libraries, quantification and single-cell labeling directions.	survey-4	ok
paper_review	Single-cell foundation models: bringing artificial intelligence into cell biology	2025	https://www.nature.com/articles/s12276-025-01547-5	atac_seq,foundation_model_embeddings,single_cell_multiome,single_cell_proteomics,single_cell_rna_seq,spatial_transcriptomics	Review covers foundation-model embeddings and extensions across single-cell modalities.	survey-4	ok
paper_review	Gene-environment interactions in human health	2024	https://www.nature.com/articles/s41576-024-00731-z	gwas	Review covers genome-wide interaction study design, polygenic liability and genetic-variant interaction testing.	survey-4	ok
paper_review	Spatial transcriptomics in health and disease	2024	https://www.nature.com/articles/s41581-024-00841-1	single_cell_rna_seq,spatial_epigenomics,spatial_multiomics,spatial_proteomics,spatial_transcriptomics	Review covers spatial transcriptomics workflows and integration with proteomics and spatial epigenetics.	survey-4	ok
paper_review	Polygenic scores and their applications in kidney disease	2025	https://www.nature.com/articles/s41581-024-00886-2	gwas	Review covers GWAS-derived polygenic scores, validation, transferability and clinical implementation.	survey-4	ok
paper_review	Towards multimodal foundation models in molecular cell biology	2025	https://www.nature.com/articles/s41586-025-08710-y	foundation_model_embeddings,multi_omics_integration,single_cell_proteomics,spatial_epigenomics,spatial_metabolomics,spatial_multiomics	Perspective proposes joint models across genomics, transcriptomics, epigenomics, proteomics, metabolomics and spatial profiling.	survey-4	ok
paper_review	Microarray analysis of gene expression: considerations in data mining and statistical treatment	2006	PMID:16554544	microarray_expression	Review covers preprocessing, differential expression, validation, clustering, annotation, and pathways.	survey-1	ok
paper_review	A beginner's guide to eukaryotic genome annotation	2012	PMID:22510764	genome_annotation	Review covers genome-annotation workflows, tools, evidence, and best practices.	survey-1	ok
paper_review	ChIP-seq guidelines and practices of the ENCODE and modENCODE consortia	2012	PMID:22955991	chip_seq	Best-practice guidance for validation, replication, depth, metadata, and QC.	survey-1	ok
paper_review	A survey of best practices for RNA-seq data analysis	2016	PMID:26813401	alternative_splicing,bulk_rna_seq,eqtl_mapping	Review covers design QC alignment quantification differential expression splicing and eQTL mapping.	survey-1	ok
paper_review	The Oxford Nanopore MinION: delivery of nanopore sequencing to the genomics community	2016	PMID:27887629	ont_long_read	Review of nanopore sequencing principles, applications, and analysis considerations.	survey-1	ok
paper_review	International Cooperation to Enable the Diagnosis of All Rare Genetic Diseases	2017	PMID:28475856	germline_wgs_wes,rare_disease_genomics	Review discusses genomic diagnosis, gene discovery, sequencing, and rare-disease infrastructure.	survey-1	ok
paper_review	10 Years of GWAS Discovery: Biology, Function, and Translation	2017	PMID:28686856	gwas	Review covers genome-wide association study design, complex traits, biology, and translation.	survey-1	ok
paper_review	Quality assurance procedures for mass spectrometry untargeted metabolomics. a review	2018	PMID:28823764	metabolomics	Review covers pre-analytical, analytical, post-analytical variation and QC for untargeted metabolomics.	survey-1	ok
paper_review	Shotgun metagenomics, from sampling to analysis	2017	PMID:28898207	metagenome_assembly,metagenomic_functional_profiling,metagenomic_taxonomy	Review covers sampling, assembly-based and mapping-based profiling, strain resolution, and function.	survey-1	ok
paper_review	Analysing Microbial Community Composition through Amplicon Sequencing: From Sampling to Hypothesis Testing	2017	PMID:28928718	amplicon_sequencing,metagenomic_taxonomy	Review covers 16S amplicon design, processing, diversity, differential community analysis, and caveats.	survey-1	ok
paper_review	History, applications, and challenges of immune repertoire research	2018	PMID:29484527	immune_repertoire_sequencing	Review covers high-throughput immune-repertoire sequencing technologies and applications.	survey-1	ok
paper_review	Promises and pitfalls of untargeted metabolomics	2018	PMID:29536203	metabolomics	Review covers study design, sample preparation, LC-MS, processing, and interpretation pitfalls.	survey-1	ok
paper_review	Hi-C analysis: from data generation to integration	2019	PMID:30570701	hi_c	Review covers preprocessing, contact extraction, visualization, and integration of Hi-C data.	survey-1	ok
paper_review	Current best practices in single-cell RNA-seq analysis: a tutorial	2019	PMID:31217225	single_cell_rna_seq	Best-practice workflow from preprocessing and QC through cell and gene-level analysis.	survey-1	ok
paper_review	Advances and Challenges in Metatranscriptomic Analysis	2019	PMID:31608125	metagenomic_functional_profiling,metatranscriptomics	Review surveys computational metatranscriptomics, workflows, use cases, and limitations.	survey-1	ok
paper_review	Structural variant calling: the long and the short of it	2019	PMID:31747936	ont_long_read,structural_variant_calling	Review compares structural-variant detection strategies across short- and long-read data.	survey-1	ok
paper_review	Genomic methods in profiling DNA accessibility and factor localization	2019	PMID:31776829	atac_seq,chip_seq,cut_and_run	Review explicitly compares ATAC, ChIP, and CUT&RUN for accessibility and factor localization.	survey-1	ok
paper_review	DNA methylation data by sequencing: experimental approaches and recommendations for tools and pipelines for data analysis	2019	PMID:31831061	dna_methylation	Review covers methylation sequencing workflows, mapping, methylation calling, and differential regions.	survey-1	ok
paper_review	Current challenges and best-practice protocols for microbiome analysis	2021	PMID:31848574	amplicon_sequencing,metagenome_assembly,metagenomic_functional_profiling,metagenomic_taxonomy	Best-practice review covers targeted amplicon and shotgun workflows from sequencing through annotation.	survey-1	ok
paper_review	High-throughput sequencing (HTS) for the analysis of viral populations	2020	PMID:32001386	ont_long_read,viral_genomics	Review covers viral population sequencing, genome assembly, diversity, and outbreak analysis.	survey-1	ok
paper_review	From reads to insight: a hitchhiker's guide to ATAC-seq data analysis	2020	PMID:32014034	atac_seq	Review covers QC, alignment, peak calling, differential peaks, motifs, footprinting, and integration.	survey-1	ok
paper_review	Opportunities and challenges in long-read sequencing data analysis	2020	PMID:32033565	de_novo_genome_assembly,ont_long_read,pacbio_long_read	Review surveys long-read tools and project-design challenges across platforms.	survey-1	ok
paper_review	Long-read human genome sequencing and its applications	2020	PMID:32504078	de_novo_genome_assembly,ont_long_read,pacbio_long_read,structural_variant_calling	Review covers ONT and PacBio long reads, assembly, and previously inaccessible variation.	survey-1	ok
paper_review	Comprehensive fundamental somatic variant calling and quality management strategies for human cancer genomes	2021	PMID:32510555	somatic_wgs_wes	Review covers cancer-genome QC, alignment, variant calling, annotation, and visualization.	survey-1	ok
paper_review	Best practices for variant calling in clinical sequencing	2020	PMID:33106175	germline_wgs_wes,somatic_wgs_wes,structural_variant_calling	Review covers inherited and tumor-normal variant calling across exome and whole-genome data.	survey-1	ok
paper_review	Measuring the microbiome: Best practices for developing and benchmarking microbiomics methods	2020	PMID:33363701	amplicon_sequencing,metagenomic_taxonomy	Review covers marker-gene and metagenome methods, benchmarking, and microbiome-specific biases.	survey-1	ok
paper_review	Alternative splicing: Human disease and quantitative analysis from high-throughput sequencing	2020	PMID:33425250	alternative_splicing,single_cell_rna_seq	Review covers isoform and splicing quantification from bulk and single-cell RNA sequencing.	survey-1	ok
paper_review	A review on recent trends in the phosphoproteomics workflow. From sample preparation to data analysis.	2022	PMID:35227377	phosphoproteomics,proteomics	Review covers enrichment, fractionation, MS detection, and phosphoproteomics analysis.	survey-1	ok
paper_review	High-throughput methods for the analysis of transcription factors and chromatin modifications: Low input, single cell and spatial genomic technologies.	2023	PMID:37121019	atac_seq,chip_seq,cut_and_run	Review compares ChIP, CUT&RUN, CUT&Tag, and related low-input and single-cell methods.	survey-1	ok
paper_review	A review of the pangenome: how it affects our understanding of genomic variation, selection and breeding in domestic animals?	2023	PMID:37143156	pangenomics,structural_variant_calling	Review covers pangenome construction, core/variable sequence, and structural variation.	survey-1	ok
paper_review	Acquisition and Analysis of DIA-Based Proteomic Data: A Comprehensive Survey in 2023	2024	PMID:38182042	proteomics,proteomics_dia	Review covers DIA acquisition schemes, libraries, search strategies, software, and quantification.	survey-1	ok
paper_review	Unveiling microbial diversity: harnessing long-read sequencing technology	2024	PMID:38689099	dna_methylation,metagenome_assembly,metagenomic_taxonomy,ont_long_read,pacbio_long_read,viral_genomics	Review covers long-read metagenome assembly, taxonomic profiling, pathogen surveillance and methylation signals.	survey-4	ok
paper_review	Visualizing metagenomic and metatranscriptomic data: A comprehensive review	2024	PMID:38765606	metagenomic_functional_profiling,metagenomic_taxonomy,metatranscriptomics	Review covers visualization and interpretation of metagenomic and metatranscriptomic outputs.	survey-1	ok
paper_review	A practical guide to spatial transcriptomics	2024	PMID:38776574	spatial_transcriptomics	Review covers spatial methods, analysis challenges, resources, and method selection.	survey-1	ok
paper_review	Understanding isoform expression by pairing long-read sequencing with single-cell and spatial transcriptomics	2024	PMID:39567235	alternative_splicing,long_read_single_cell_rna_seq,long_read_transcriptomics,ont_long_read,pacbio_long_read,single_cell_rna_seq,spatial_transcriptomics	Review covers single-cell and spatial long-read RNA sequencing for isoform and splicing analysis.	survey-4	ok
paper_review	Transcriptomics in the era of long-read sequencing	2025	PMID:40155769	alternative_splicing,long_read_transcriptomics	Review covers long-read RNA-seq workflow, isoforms, splicing, processing, and downstream analysis.	survey-1	ok
textbook	Orchestrating Single-Cell Analysis with Bioconductor	2020	https://www.bioconductor.org/books/devel/OSCA/index.html	single_cell_rna_seq	Online book teaches scRNA-seq processing, analysis, visualization, and workflows.	survey-1	ok
textbook	Orchestrating Spatial Transcriptomics Analysis with Bioconductor	2026	https://www.bioconductor.org/books/release/OSTA/	spatial_transcriptomics	Online book covers sequencing-based and imaging-based spatial omics workflows; compiled release page opened.	survey-1	ok
textbook	Modern Statistics for Modern Biology	2019	ISBN:9781108705295	bulk_rna_seq	UNVERIFIED assay-level mapping; official online book covers high-dimensional biological data and statistical analysis broadly.	survey-1	ok
textbook	Bioinformatics and functional genomics, third edition	2015	ISBN:9781118581780	bacterial_genome_assembly,bulk_rna_seq,genome_annotation,germline_wgs_wes,microarray_expression,proteomics,viral_genomics	NLM catalog contents explicitly include RNA-seq, microarrays, proteomics, viruses, bacteria, human genome, and disease.	survey-1	ok
tutorial	Galaxy Metagenomics	UNVERIFIED	https://galaxyproject.org/bare/eu/usegalaxy/metagenomics/	amplicon_sequencing,metagenome_assembly,metagenomic_taxonomy,metaproteomics,metatranscriptomics,multiomics_integration	Galaxy microbiome workflows cover shotgun, 16S, metatranscriptomics and metaproteomics.	survey-3	ok
tutorial	Introduction to multi-omics data integration and visualisation - EMBL-EBI	2025	https://www.ebi.ac.uk/training/events/introduction-multi-omics-data-integration-and-visualisation-2025/	metabolomics,multiomics_integration,proteomics	Hands-on course on data curation, QC, MOFA/COSMOS and integrated omics.	survey-3	ok
tutorial	ISMB/ECCB 2025 Tutorials	2025	https://www.iscb.org/ismbeccb2025/whats-happening/tutorials	dna_methylation,multiomics_integration,single_cell_rna_seq,spatial_transcriptomics	Dedicated tutorials for multi-omics, single-cell/spatial analysis, methylation clocks and sequencing.	survey-3	ok
tutorial	Single-cell best practices	2023	https://www.sc-best-practices.org/introduction/scrna_seq.html	single_cell_rna_seq	Online tutorial source opened for scRNA-seq workflow guidance; exact page version is not stated.	survey-1	ok
tutorial	Tutorial: guidelines for the computational analysis of single-cell RNA sequencing data	2021	PMID:33288955	single_cell_rna_seq	Tutorial summarizes computational workflow tasks and best-practice guidance for scRNA-seq.	survey-1	ok
workflow_catalog	Bioconductor workflows landing page	UNVERIFIED	https://bioconductor.org/help/workflows/		Workflow package index; page does not enumerate topics in fetched text	survey-2	ok
workflow_catalog	Bioconductor 3.23 package categories	UNVERIFIED	https://bioconductor.org/packages/release/BiocViews.html	alternative_splicing,amplicon_sequencing,copy_number_analysis,crispr_screening,dna_methylation,gwas,hic,long_read_transcriptomics,metabolomics,metagenomic_taxonomy,microarray_expression,proteomics,ribosome_profiling,single_cell_rna_seq,spatial_transcriptomics	Category headings and package descriptions checked directly	survey-2	ok
workflow_catalog	ENCODE ATAC-seq pipeline	UNVERIFIED	https://github.com/ENCODE-DCC/atac-seq-pipeline	atac_seq	End-to-end ATAC/DNase QC, alignment, peak calling, and signal tracks	survey-2	ok
workflow_catalog	ENCODE ChIP-seq pipeline	UNVERIFIED	https://github.com/encode-dcc/chip-seq-pipeline	chip_seq	Uniform ChIP-seq mapping, QC, signal tracks, peak calling, and IDR	survey-2	ok
workflow_catalog	ENCODE long RNA-seq pipeline	UNVERIFIED	https://github.com/ENCODE-DCC/long-rna-seq-pipeline	bulk_rna_seq	Deprecated long-RNA pipeline; not evidence for long-read sequencing	survey-2	ok
workflow_catalog	ENCODE RNA-seq pipeline	UNVERIFIED	https://github.com/ENCODE-DCC/rna-seq-pipeline	bulk_rna_seq	RNA-seq alignment, signal tracks, and gene/isoform quantification	survey-2	ok
workflow_catalog	ENCODE WGBS pipeline reference	UNVERIFIED	https://github.com/ENCODE-DCC/wgbs-pipeline/blob/dev/docs/reference.md	dna_methylation	WGBS and RRBS processing reference	survey-2	ok
workflow_catalog	nf-core/mag	UNVERIFIED	https://github.com/nf-core/mag	metagenome_assembly,metagenomic_taxonomy,ont_long_read	Community pipeline for metagenome assembly, binning, annotation and taxonomy with short/long reads.	survey-3	ok
workflow_catalog	nf-core/sarek	UNVERIFIED	https://github.com/nf-core/sarek	germline_wgs_wes,somatic_wgs_wes	Community WGS/targeted variant pipeline for germline and somatic calling and annotation.	survey-3	ok
workflow_catalog	nf-core/viralrecon	UNVERIFIED	https://github.com/nf-core/viralrecon	amplicon_sequencing,metagenome_assembly,ont_long_read,viral_genomics	Community pipeline for viral assembly, amplicon and Nanopore/Illumina variant workflows.	survey-3	ok
workflow_catalog	nf-core/airrflow	UNVERIFIED	https://nf-co.re/airrflow/latest/docs/usage/	immune_repertoire_sequencing,single_cell_rna_seq	Bulk and single-cell BCR/TCR/AIRR sequencing with clonotype and lineage analysis	survey-2	ok
workflow_catalog	nf-core/ampliseq release page	UNVERIFIED	https://nf-co.re/ampliseq/releases_stats.html	amplicon_sequencing,metagenomic_taxonomy,phylogenetics	Release page confirms amplicon workflow, taxonomic assignment, and current versions	survey-2	ok
workflow_catalog	nf-core/diaproteomics	UNVERIFIED	https://nf-co.re/diaproteomics/1.2.4/parameters	proteomics,proteomics_dda,proteomics_dia	DIA quantitative processing with optional DDA spectral-library generation	survey-2	ok
workflow_catalog	nf-core/mag	UNVERIFIED	https://nf-co.re/mag/latest	genome_annotation,metagenome_assembly,metagenome_binning,ont_long_read	Metagenome assembly, binning, annotation, and long-read support	survey-2	ok
workflow_catalog	nf-core pipeline catalog	UNVERIFIED	https://nf-co.re/pipelines/		157-pipeline live index; no individual topic assignment from this page alone	survey-2,survey-3	ok
workflow_catalog	nf-core/spatialvi	UNVERIFIED	https://nf-co.re/spatialvi/latest/parameters	microscopy_image_analysis,single_cell_rna_seq,spatial_transcriptomics	Spatial gene counts with coordinates and image data; Visium-oriented	survey-2	ok
workflow_catalog	nf-core special interest groups	UNVERIFIED	https://nf-co.re/special-interest-groups	amplicon_sequencing,atac_seq,bulk_rna_seq,chip_seq,cut_and_run,germline_wgs_wes,hla_typing,immune_repertoire_sequencing,metagenome_assembly,metagenomic_taxonomy,metaproteomics,metatranscriptomics,proteomics,proteomics_dia,rare_disease_genomics,rna_fusion_detection,single_cell_rna_seq,somatic_wgs_wes,spatial_transcriptomics,viral_genomics	Lists active pipeline families and meta-omics/proteomics scopes	survey-2,survey-3	ok
workflow_catalog	nf-core/taxprofiler release page	UNVERIFIED	https://nf-co.re/taxprofiler/releases_stats.html	metagenomic_taxonomy,ont_long_read	Release page confirms shotgun taxonomic profiling and long-read support	survey-2	ok
workflow_catalog	scPerturb: Single Cell Perturbation Datasets	2024	https://scperturb.org/	atac_seq,perturb_seq,single_cell_rna_seq	Opened catalog provides standardized perturbation datasets, RNA-seq and ATAC-seq downloads.	survey-4	ok
workflow_catalog	snakemake workflow catalog	UNVERIFIED	https://snakemake.github.io/snakemake-workflow-catalog/		Catalog overview; no individual topic assignment from this page alone	survey-2	ok
workflow_catalog	Snakemake all standardized workflows	UNVERIFIED	https://snakemake.github.io/snakemake-workflow-catalog/docs/all_standardized_workflows.html	alternative_splicing,amplicon_sequencing,atac_seq,bacterial_genome_assembly,bulk_rna_seq,copy_number_analysis,cut_and_run,dna_methylation,eukaryotic_genome_assembly,germline_wgs_wes,gwas,hic,long_read_transcriptomics,metagenome_assembly,metagenome_binning,metagenomic_taxonomy,phylogenetics,proteomics,ribosome_profiling,single_cell_rna_seq,small_rna_seq,somatic_wgs_wes,structural_variant_calling,viral_genomics	Standardized workflow descriptions and topic labels	survey-2	ok
workflow_catalog	Galaxy Training Network: Epigenetics	UNVERIFIED	https://training.galaxyproject.org/training-material/topics/epigenetics/	atac_seq,chip_seq,cut_and_run,dna_methylation,hic	DNA methylation, ATAC-seq, CUT&RUN, ChIP-seq, and Hi-C tutorials	survey-2	ok
workflow_catalog	Galaxy Training Network: Imaging	UNVERIFIED	https://training.galaxyproject.org/training-material/topics/imaging/	microscopy_image_analysis	Microscopy, segmentation, object counting, and histology image analysis	survey-2	ok
workflow_catalog	Galaxy Training Network: Microbiome	UNVERIFIED	https://training.galaxyproject.org/training-material/topics/microbiome/	amplicon_sequencing,metagenome_assembly,metagenome_binning,metagenomic_taxonomy,phylogenetics	ASV, taxonomic, binning, and MAG tutorials checked	survey-2	ok
workflow_catalog	Galaxy Training Network: Proteomics	UNVERIFIED	https://training.galaxyproject.org/training-material/topics/proteomics/	metabolomics,metaproteomics,microscopy_image_analysis,proteomics,proteomics_dda,proteomics_dia,single_cell_proteomics	DDA/DIA, single-cell, metaproteomics, metabolomics integration, and MS imaging	survey-2	ok
workflow_catalog	Galaxy Training Network: Single Cell	UNVERIFIED	https://training.galaxyproject.org/training-material/topics/single-cell/	single_cell_atac_seq,single_cell_proteomics,single_cell_rna_seq,spatial_transcriptomics	scRNA-seq, scATAC-seq, single-cell proteomics, and spatial transcriptomics sections	survey-2	ok
workflow_catalog	Galaxy Training Network: Transcriptomics	UNVERIFIED	https://training.galaxyproject.org/training-material/topics/transcriptomics/	alternative_splicing,bulk_rna_seq	Transcriptome analysis, reference-based/de novo RNA-seq, and downstream analysis	survey-2	ok
workflow_catalog	Galaxy Training Network: Variant Analysis	UNVERIFIED	https://training.galaxyproject.org/training-material/topics/variant-analysis/	bacterial_genome_assembly,germline_wgs_wes,somatic_wgs_wes,viral_genomics	Variant calling tutorials include tumor-normal, SARS-CoV-2, and M. tuberculosis examples	survey-2	ok
